{
    "os": "Linux-5.15.0-58-generic-x86_64-with-glibc2.10",
    "python": "3.8.15",
    "heartbeatAt": "2023-01-16T08:23:26.622073",
    "startedAt": "2023-01-16T08:23:25.831413",
    "docker": null,
    "cuda": null,
    "args": [],
    "state": "running",
    "program": "/home/toradus/RL_Praktikum/generative-learning-from-play/training.py",
    "codePath": "training.py",
    "git": {
        "remote": "https://github.com/mbreuss/generative-learning-from-play.git",
        "commit": "05f141bdc30e720f73b015073fbca8f430a7135c"
    },
    "email": "unesl@student.kit.edu",
    "root": "/home/toradus/RL_Praktikum/generative-learning-from-play",
    "host": "toradus-desktop",
    "username": "toradus",
    "executable": "/home/toradus/anaconda3/envs/learning-from-play/bin/python",
    "cpu_count": 4,
    "cpu_count_logical": 8,
    "cpu_freq": {
        "current": 3785.594625,
        "min": 800.0,
        "max": 4000.0
    },
    "cpu_freq_per_core": [
        {
            "current": 4000.0,
            "min": 800.0,
            "max": 4000.0
        },
        {
            "current": 4000.0,
            "min": 800.0,
            "max": 4000.0
        },
        {
            "current": 3400.0,
            "min": 800.0,
            "max": 4000.0
        },
        {
            "current": 3200.0,
            "min": 800.0,
            "max": 4000.0
        },
        {
            "current": 3955.07,
            "min": 800.0,
            "max": 4000.0
        },
        {
            "current": 1200.0,
            "min": 800.0,
            "max": 4000.0
        },
        {
            "current": 4000.0,
            "min": 800.0,
            "max": 4000.0
        },
        {
            "current": 4000.0,
            "min": 800.0,
            "max": 4000.0
        }
    ],
    "disk": {
        "total": 108.98257827758789,
        "used": 76.84814453125
    },
    "gpu": "NVIDIA GeForce GTX 1070",
    "gpu_count": 1,
    "gpu_devices": [
        {
            "name": "NVIDIA GeForce GTX 1070",
            "memory_total": 8589934592
        }
    ],
    "memory": {
        "total": 23.42730712890625
    }
}
